claim_id,claim,claim_type,supporting_sources,counter_evidence,uncertainty
C01,"Choose an execution route per business operation, accounting for coverage, authorization, verification and recovery.",author_judgment,S01;S04;S08;S11,A single route can be sufficient for a small complete workflow.,"This is a design inference, not a measured ranking."
C02,Stripe API v1 response replay and key retention do not give unlimited retry protection.,fact,S01;S02,API v2 has different behavior.,Other providers and endpoints have their own contracts.
C03,Stripe API v2 has a 30-day replay scope and can retry failed work while preserving successful work.,source_claim,S03,Some requests cannot be successfully replayed.,Applies only within documented same-key/API/account-or-sandbox conditions.
C04,An actionability-checked browser click does not by itself verify the application business state.,interpretation,S04;S11,Some low-consequence read-only tasks can be checked entirely through displayed content.,The required outcome evidence depends on the application.
C05,DOM automation and visual model control have different interaction and maintenance surfaces.,interpretation,S05;S10,A model may generate DOM actions; real systems can combine methods.,"The categories describe mechanisms, not mutually exclusive products."
C06,An API does not remove injection risk when the model interprets untrusted text returned by that API.,interpretation,S09,Deterministic consumers that do not interpret text as instructions have a different threat model.,No comparative incident rate is available in the reviewed sources.
C07,Browser session isolation and application authorization address different boundaries.,interpretation,S06;S08;S10,An application may provide a dedicated restricted browser account.,No universal browser-versus-API permission ranking follows.
C08,A hybrid workflow needs recorded identities and a recovery boundary before another external write.,author_judgment,S02;S04;S11,A fully covered API-only or DOM-only workflow can avoid this extra boundary. New API coverage alone does not establish that migrating an existing hybrid is worth its cost.,The support-ticket walkthrough is illustrative and untested.
C09,"Cost comparisons should include verification, failed attempts, maintenance and human exceptions over a common workload.",author_judgment,S07;S10,A low-volume browser workflow can avoid disproportionate integration work.,"No throughput, price or completion-rate measurements were collected."
C10,HTTP 202 reports acceptance rather than completed processing.,fact,S11,,The meaning of other success codes and the business outcome depends on the endpoint.
